{"learner":{"attributes":{},"feature_names":[],"feature_types":[],"gradient_booster":{"model":{"gbtree_model_param":{"num_parallel_tree":"1","num_trees":"10"},"iteration_indptr":[0,1,2,3,4,5,6,7,8,9,10],"tree_info":[0,0,0,0,0,0,0,0,0,0],"trees":[{"base_weights":[1.3089648E-6,1.3950125E1,-7.385358E0,-4.832652E0,2.3744234E1,5.946292E0,-1.4927453E1,1.0098499E0,-3.5469923E0,7.4791713E0,1.6041785E0,-5.9564227E-1,4.65928E0,-5.779781E0,1.1029733E0],"categories":[],"categories_nodes":[],"categories_segments":[],"categories_sizes":[],"default_left":[0,0,0,0,0,0,0,0,0,0,0,0,0,0,0],"id":0,"left_children":[1,3,5,7,9,11,13,-1,-1,-1,-1,-1,-1,-1,-1],"loss_changes":[5.3573867E3,3.4260374E3,3.5074146E3,4.4100494E2,1.2859033E2,1.0191367E3,1.8465249E3,0E0,0E0,0E0,0E0,0E0,0E0,0E0,0E0],"parents":[2147483647,0,0,1,1,2,2,3,3,4,4,5,5,6,6],"right_children":[2,4,6,8,10,12,14,-1,-1,-1,-1,-1,-1,-1,-1],"split_conditions":[4.1560832E-1,2.9694933E-1,3.653508E-1,6.9198114E-1,8.5357934E-1,5.3855425E-1,8.323272E-1,1.0098499E0,-3.5469923E0,7.4791713E0,1.6041785E0,-5.9564227E-1,4.65928E0,-5.779781E0,1.1029733E0],"split_indices":[947,808,738,2,13,353,1812,0,0,0,0,0,0,0,0],"split_type":[0,0,0,0,0,0,0,0,0,0,0,0,0,0,0],"sum_hessian":[5E1,1.7E1,3.3E1,6E0,1.1E1,1.2E1,2.1E1,3E0,3E0,1E1,1E0,7E0,5E0,1.7E1,4E0],"tree_param":{"num_deleted":"0","num_feature":"2048","num_nodes":"15","size_leaf_vector":"1"}},{"base_weights":[1.16335064E-1,-7.56381E0,7.7920055E0,-1.352036E1,3.3187065E0,1.8785405E-1,1.8144224E1,-1.7879744E0,-5.873563E0,-8.392796E-1,2.9983597E0,2.528366E0,-2.1472478E0,5.867708E0,5.994324E-1],"categories":[],"categories_nodes":[],"categories_segments":[],"categories_sizes":[],"default_left":[0,0,0,0,0,0,0,0,0,0,0,0,0,0,0],"id":1,"left_children":[1,3,5,7,9,11,13,-1,-1,-1,-1,-1,-1,-1,-1],"loss_changes":[3.0654004E3,1.7302489E3,2.0433077E3,6.619568E2,4.3627448E2,1.028737E3,2.12198E2,0E0,0E0,0E0,0E0,0E0,0E0,0E0,0E0],"parents":[2147483647,0,0,1,1,2,2,3,3,4,4,5,5,6,6],"right_children":[2,4,6,8,10,12,14,-1,-1,-1,-1,-1,-1,-1,-1],"split_conditions":[4.651049E-1,6.9196904E-1,4.5083937E-1,6.2842864E-1,6.069237E-1,5.110938E-1,7.8459936E-1,-1.7879744E0,-5.873563E0,-8.392796E-1,2.9983597E0,2.528366E0,-2.1472478E0,5.867708E0,5.994324E-1],"split_indices":[674,667,808,1858,24,1289,8,0,0,0,0,0,0,0,0],"split_type":[0,0,0,0,0,0,0,0,0,0,0,0,0,0,0],"sum_hessian":[5E1,2.5E1,2.5E1,1.6E1,9E0,1.5E1,1E1,8E0,8E0,5E0,4E0,7E0,8E0,9E0,1E0],"tree_param":{"num_deleted":"0","num_feature":"2048","num_nodes":"15","size_leaf_vector":"1"}},{"base_weights":[1.07822455E-1,-4.13985E0,8.125214E0,1.5144087E0,-9.883192E0,-1.1264753E0,4.234518E0,2.4328735E0,-1.0259255E0,-1.433796E-1,-3.8221061E0,-1.341428E0,1.0008998E0],"categories":[],"categories_nodes":[],"categories_segments":[],"categories_sizes":[],"default_left":[0,0,0,0,0,0,0,0,0,0,0,0,0],"id":2,"left_children":[1,3,5,7,9,11,-1,-1,-1,-1,-1,-1,-1],"loss_changes":[1.7704551E3,1.1190947E3,1.0133916E3,6.13482E2,4.5074097E2,1.3434116E2,0E0,0E0,0E0,0E0,0E0,0E0,0E0],"parents":[2147483647,0,0,1,1,2,2,3,3,4,4,5,5],"right_children":[2,4,6,8,10,12,-1,-1,-1,-1,-1,-1,-1],"split_conditions":[6.837307E-1,4.7787845E-1,3.4959325E-1,4.213009E-1,1.7415722E-1,5.150199E-1,4.234518E0,2.4328735E0,-1.0259255E0,-1.433796E-1,-3.8221061E0,-1.341428E0,1.0008998E0],"split_indices":[1319,582,353,1518,1479,28,0,0,0,0,0,0,0],"split_type":[0,0,0,0,0,0,0,0,0,0,0,0,0],"sum_hessian":[5E1,3.3E1,1.7E1,1.7E1,1.6E1,7E0,1E1,7E0,1E1,4E0,1.2E1,4E0,3E0],"tree_param":{"num_deleted":"0","num_feature":"2048","num_nodes":"13","size_leaf_vector":"1"}},{"base_weights":[1.0166022E-1,3.1923974E0,-6.267602E0,7.5794306E0,-1.8985455E0,-9.423182E0,-4.134625E-1,3.7454627E0,1.1032546E0,-1.3922206E0,1.683257E0,-3.0899239E0,-1.0957291E0,7.346119E-1,-6.144214E-1],"categories":[],"categories_nodes":[],"categories_segments":[],"categories_sizes":[],"default_left":[0,0,0,0,0,0,0,0,0,0,0,0,0,0,0],"id":3,"left_children":[1,3,5,7,9,11,13,-1,-1,-1,-1,-1,-1,-1,-1],"loss_changes":[1.0239802E3,7.9608466E2,3.1014825E2,3.177588E2,3.76106E2,1.8023743E1,3.776481E1,0E0,0E0,0E0,0E0,0E0,0E0,0E0,0E0],"parents":[2147483647,0,0,1,1,2,2,3,3,4,4,5,5,6,6],"right_children":[2,4,6,8,10,12,14,-1,-1,-1,-1,-1,-1,-1,-1],"split_conditions":[6.3872343E-1,6.2934965E-1,6.5662193E-1,3.4628978E-1,6.9962305E-1,7.96277E-1,2.585916E-1,3.7454627E0,1.1032546E0,-1.3922206E0,1.683257E0,-3.0899239E0,-1.0957291E0,7.346119E-1,-6.144214E-1],"split_indices":[303,1958,547,923,64,14,2,0,0,0,0,0,0,0,0],"split_type":[0,0,0,0,0,0,0,0,0,0,0,0,0,0,0],"sum_hessian":[5E1,3.4E1,1.6E1,1.8E1,1.6E1,1E1,6E0,7E0,1.1E1,1.2E1,4E0,8E0,2E0,2E0,4E0],"tree_param":{"num_deleted":"0","num_feature":"2048","num_nodes":"15","size_leaf_vector":"1"}},{"base_weights":[9.222633E-2,-5.275889E0,2.2659965E0,-1.5084519E0,-2.515152E0,-5.068501E0,4.1463294E0,-8.530188E-1,4.9927598E-1,-1.907319E0,-2.4016306E-1,2.4534726E0,5.164384E-1],"categories":[],"categories_nodes":[],"categories_segments":[],"categories_sizes":[],"default_left":[0,0,0,0,0,0,0,0,0,0,0,0,0],"id":4,"left_children":[1,3,5,7,-1,9,11,-1,-1,-1,-1,-1,-1],"loss_changes":[6.0707666E2,1.6298853E2,5.3129364E2,3.8615196E1,0E0,3.8929337E1,2.792271E2,0E0,0E0,0E0,0E0,0E0,0E0],"parents":[2147483647,0,0,1,1,2,2,3,3,5,5,6,6],"right_children":[2,4,6,8,-1,10,12,-1,-1,-1,-1,-1,-1],"split_conditions":[3.607577E-1,6.5915555E-1,1.5144557E-1,5.8346003E-1,-2.515152E0,6.5392137E-1,2.9079512E-1,-8.530188E-1,4.9927598E-1,-1.907319E0,-2.4016306E-1,2.4534726E0,5.164384E-1],"split_indices":[1162,351,320,1,0,0,1151,0,0,0,0,0,0],"split_type":[0,0,0,0,0,0,0,0,0,0,0,0,0],"sum_hessian":[5E1,1.4E1,3.6E1,7E0,7E0,7E0,2.9E1,5E0,2E0,5E0,2E0,1E1,1.9E1],"tree_param":{"num_deleted":"0","num_feature":"2048","num_nodes":"13","size_leaf_vector":"1"}},{"base_weights":[2.4430854E-2,-5.4921484E0,1.3373204E0,-2.277242E0,-4.4646072E-1,5.823847E0,-2.4671435E-1,-2.9671097E-1,1.7719002E-1,2.9785767E-1,2.2534082E0,1.7947965E0,-3.292291E-1],"categories":[],"categories_nodes":[],"categories_segments":[],"categories_sizes":[],"default_left":[0,0,0,0,0,0,0,0,0,0,0,0,0],"id":5,"left_children":[1,3,5,-1,7,9,11,-1,-1,-1,-1,-1,-1],"loss_changes":[3.767204E2,1.02502686E2,2.9992303E2,0E0,2.834967E0,8.22182E1,1.761471E2,0E0,0E0,0E0,0E0,0E0,0E0],"parents":[2147483647,0,0,1,1,2,2,4,4,5,5,6,6],"right_children":[2,4,6,-1,8,10,12,-1,-1,-1,-1,-1,-1],"split_conditions":[2.6228195E-1,5.8117217E-1,2.587921E-1,-2.277242E0,3.0259904E-1,1.6794768E-1,1.242443E-1,-2.9671097E-1,1.7719002E-1,2.9785767E-1,2.2534082E0,1.7947965E0,-3.292291E-1],"split_indices":[96,18,1028,0,1,36,192,0,0,0,0,0,0],"split_type":[0,0,0,0,0,0,0,0,0,0,0,0,0],"sum_hessian":[5E1,9E0,4.1E1,6E0,3E0,1E1,3.1E1,2E0,1E0,3E0,7E0,3E0,2.8E1],"tree_param":{"num_deleted":"0","num_feature":"2048","num_nodes":"13","size_leaf_vector":"1"}},{"base_weights":[4.8866533E-2,1.6367633E0,-2.7116313E0,1.9141363E0,3.4629673E-1,-4.460119E0,2.5005388E-1,-1.0339948E0,4.0949878E-1,-7.6057744E-1,-1.7887311E0,-2.3789845E-1,6.7584E-1],"categories":[],"categories_nodes":[],"categories_segments":[],"categories_sizes":[],"default_left":[0,0,0,0,0,0,0,0,0,0,0,0,0],"id":6,"left_children":[1,3,5,-1,7,9,11,-1,-1,-1,-1,-1,-1],"loss_changes":[2.2799098E2,1.9980243E2,9.9506195E1,0E0,1.0902917E2,1.9584702E1,1.8498152E1,0E0,0E0,0E0,0E0,0E0,0E0],"parents":[2147483647,0,0,1,1,2,2,4,4,5,5,6,6],"right_children":[2,4,6,-1,8,10,12,-1,-1,-1,-1,-1,-1],"split_conditions":[6.374299E-1,1.4567675E-1,5.0837004E-1,1.9141363E0,3.780379E-1,4.8138684E-1,8.692777E-1,-1.0339948E0,4.0949878E-1,-7.6057744E-1,-1.7887311E0,-2.3789845E-1,6.7584E-1],"split_indices":[303,454,1976,0,250,76,4,0,0,0,0,0,0],"split_type":[0,0,0,0,0,0,0,0,0,0,0,0,0],"sum_hessian":[5E1,3.2E1,1.8E1,6E0,2.6E1,1.1E1,7E0,5E0,2.1E1,6E0,5E0,5E0,2E0],"tree_param":{"num_deleted":"0","num_feature":"2048","num_nodes":"13","size_leaf_vector":"1"}},{"base_weights":[1.8093633E-2,-1.7916731E0,1.568676E0,-3.8513715E0,-4.536193E-2,-5.888092E-1,3.768219E0,-1.4431936E0,-5.2143425E-1,4.8975736E-1,-3.476738E-1,-6.30402E-1,1.13277055E-1,1.540371E0,3.271969E-1],